{"cameraMode":{"drawMode":0,"name":"Shaded","section":"Shading Mode"},"sceneLighting":false,"audioPlay":false,"sceneViewState":{"showFog":true,"showMaterialUpdate":false,"showSkybox":true,"showFlares":true,"showImageEffects":true,"showParticleSystems":true},"in2DMode":false,"pivot":{"x":-50.45928192138672,"y":15.901422500610352,"z":1.7784185409545899},"rotation":{"x":-0.2082916498184204,"y":-0.6990845799446106,"z":0.22547878324985505,"w":-0.6457976698875427},"size":3.7045648097991945,"orthographic":false}