{"cameraMode":{"drawMode":0,"name":"Shaded","section":"Shading Mode"},"sceneLighting":false,"audioPlay":false,"sceneViewState":{"showFog":true,"showMaterialUpdate":false,"showSkybox":true,"showFlares":true,"showImageEffects":true,"showParticleSystems":true},"in2DMode":false,"pivot":{"x":0.012335062026977539,"y":0.35365796089172366,"z":-0.01522219181060791},"rotation":{"x":0.11777433007955551,"y":0.7112783193588257,"z":-0.12282957136631012,"w":0.6820009350776672},"size":12.230034828186036,"orthographic":false}