{"cameraMode":{"drawMode":0,"name":"Shaded","section":"Shading Mode"},"sceneLighting":false,"audioPlay":false,"sceneViewState":{"showFog":true,"showMaterialUpdate":false,"showSkybox":true,"showFlares":true,"showImageEffects":true,"showParticleSystems":true},"in2DMode":false,"pivot":{"x":33.42940139770508,"y":2.7335543632507326,"z":-4.503897190093994},"rotation":{"x":-0.1531643569469452,"y":-0.09559407830238342,"z":0.014887961558997631,"w":-0.9834535121917725},"size":10.24984073638916,"orthographic":false}