{"cameraMode":{"drawMode":0,"name":"Shaded","section":"Shading Mode"},"sceneLighting":false,"audioPlay":false,"sceneViewState":{"showFog":true,"showMaterialUpdate":false,"showSkybox":true,"showFlares":true,"showImageEffects":true,"showParticleSystems":true},"in2DMode":false,"pivot":{"x":-43.834632873535159,"y":11.50476360321045,"z":-2.2086057662963869},"rotation":{"x":0.013072903268039227,"y":0.926048755645752,"z":-0.3757995367050171,"w":0.03221359848976135},"size":42.98125457763672,"orthographic":false}